Model,MAE,MSE,RMSE,MAPE
ARIMA,1335.72356970764,2451618.099073641,1565.7643817233936,9074.498884662857
SARIMA,1804.265311353367,4399096.361639577,2097.4022889373364,11088.09387323503
Random Forest,309.05312937499997,177920.25416447205,421.80594372824106,283.7063574635399
