,Smf,Smfdolar,Smfeuro
count,40796.0,40796.0,40796.0
mean,1089.3705069124426,73.18254167075203,68.11462398274341
std,1224.2631379193715,57.96576161432058,56.95214323551244
min,0.0,0.0,0.0
25%,284.9975,39.3,34.43
50%,369.98,53.01,47.7
75%,1750.0,88.96,85.36
max,4800.0,272.42,271.63
